ID,albanian,arab,belarusian,bulgarian,chinese,czech,estonian,finnish,french,german,greek,hungarian,english,italian,japanese,latvian,lithuanian,polish,romanian,russian,swedish,turkish,ukrainian,yuguslav
1,,,,,,,,,,,,,Corsica ,,,,,,,,,,,
2,,,,,,,,,,,,,Latium ,Lazio,,,,,,,,,,
3,,,,,,,,,,,,,Switzerland ,,,,,,,,,,,
4,,,,,,,,,,,,,Lower Austria ,Bassa Austria,,,,,,,,,,
5,,,,,,,,,,,,,Ermland-Masuren ,,,,,,,,,,,
6,,,,,,,,,,,,,Vlaanderen ,,,,,,,,,,,
7,,,,,,,,,,,,,Holland ,,,,,,,,,,,
8,,,,,,,,,,,,,Luxemburg ,,,,,,,,,,,
9,,,,,,,,,,,,,Bohemia ,,,,,,,,,,,
10,,,,,,,,,,,,,Warszawa ,,,,,,,,,,,
11,,,,,,,,,,,,,Kaunas ,,,,,,,,,,,
12,,,,,,,,,,,,,Vidzeme ,,,,,,,,,,,
13,,,,,,,,,,,,,Harju ,,,,,,,,,,,
14,,,,,,,,,,,,,Brittany ,,,,,,,,,,,
15,,,,,,,,,,,,,Normandy ,,,,,,,,,,,
16,,,,,,,,,,,,,Ile de France ,,,,,,,,,,,
17,,,,,,,,,,,,,Franche-Comte ,,,,,,,,,,,
18,,,,,,,,,,,,,Champagne ,,,,,,,,,,,
19,,,,,,,,,,,,,Aquitaine ,,,,,,,,,,,
20,,,,,,,,,,,,,Rhone ,,,,,,,,,,,
21,,,,,,,,,,,,,Provence ,,,,,,,,,,,
22,,,,,,,,,,,,,Languedoc ,,,,,,,,,,,
23,,,,,,,,,,,,,Poitou ,,,,,,,,,,,
24,,,,,,,,,,,,,Centre ,,,,,,,,,,,
25,,,,,,,,,,,,,Limousin ,,,,,,,,,,,
26,,,,,,,,,,,,,Auvergne ,,,,,,,,,,,
27,,,,,,,,,,,,,Bourgogne ,,,,,,,,,,,
28,,,,,,,,,,,,,Alsace-Lorraine ,,,,,,,,,,,
29,,,,,,,,,,,,,Nord-Pas-de-Calais ,,,,,,,,,,,
30,,,,,,,,,,,,,Loire ,,,,,,,,,,,
31,,,,,,,,,,,,,Midi Pyrenees ,,,,,,,,,,,
32,,,,,,,,,,,,,Alpes ,,,,,,,,,,,
33,,,,,,,,,,,,,Centre-Sud ,,,,,,,,,,,
34,,,,,,,,,,,,,Wallonie ,,,,,,,,,,,
35,,,,,,,,,,,,,Brabant ,,,,,,,,,,,
36,,,,,,,,,,,,,Friesland ,,,,,,,,,,,
37,,,,,,,,,,,,,Sjaelland ,,,,,,,,,,,
38,,,,,,,,,,,,,Norrland ,,,,,,,,,,,
39,,,,,,,,,,,,,South Tyrol ,,,,,,,,,,,
40,,,,,,,,,,,,,Barnaul ,,,,,,,,,,,
41,,,,,,,,,,,,,Madrid ,,,,,,,,,,,
42,,,,,,,,,,,,,Moselland ,,,,,,,,,,,
43,,,,,,,,,,,,,Northern Hungary ,,,,,,,,,,,
44,,,,,,,,,,,,,Albania ,,,,,,,,,,,
45,,,,,,,,,,,,,Vojvodina ,,,,,,,,,,,
46,,,,,,,,,,,,,Muntenia ,,,,,,,,,,,
47,,,,,,,,,,,,,Attica ,,,,,,,,,,,
48,,,,,,,,,,,,,Sofia ,,,,,,,,,,,
49,,,,,,,,,,,,,Ankara ,,,,,,,,,,,
50,,,,,,,,,,,,,Württemberg ,,,,,,,,,,,
51,,,,,,,,,,,,,Rhineland ,,,,,,,,,,,
52,,,,,,,,,,,,,Oberbayern ,,,,,,,,,,,
53,,,,,,,,,,,,,Niederbayern ,,,,,,,,,,,
54,,,,,,,,,,,,,Franken ,,,,,,,,,,,
55,,,,,,,,,,,,,Hessen ,,,,,,,,,,,
56,,,,,,,,,,,,,Weser-Ems ,,,,,,,,,,,
57,,,,,,,,,,,,,Westfalen ,,,,,,,,,,,
58,,,,,,,,,,,,,Schleswig-Holstein ,,,,,,,,,,,
59,,,,,,,,,,,,,Hannover ,,,,,,,,,,,
60,,,,,,,,,,,,,Thüringen ,,,,,,,,,,,
61,,,,,,,,,,,,,Mecklenburg ,,,,,,,,,,,
62,,,,,,,,,,,,,Vorpommern ,,,,,,,,,,,
63,,,,,,,,,,,,,Hinterpommern ,,,,,,,,,,,
64,,,,,,,,,,,,,Brandenburg ,,,,,,,,,,,
65,,,,,,,,,,,,,Sachsen ,,,,,,,,,,,
66,,,,,,,,,,,,,Niederschlesien ,,,,,,,,,,,
67,,,,,,,,,,,,,Oberschlesien ,,,,,,,,,,,
68,,,,,,,,,,,,,Ostmark ,,,,,,,,,,,
69,,,,,,,,,,,,,Sudetenland ,,,,,,,,,,,
70,,,,,,,,,,,,,Western Slovakia ,,,,,,,,,,,
71,,,,,,,,,,,,,Eastern Slovakia ,,,,,,,,,,,
72,,,,,,,,,,,,,Zaolzie ,,,,,,,,,,,
73,,,,,,,,,,,,,Carpathian Ruthenia ,,,,,,,,,,,
74,,,,,,,,,,,,,Eastern Sudetenland ,,,,,,,,,,,
75,,,,,,,,,,,,,Moravia ,,,,,,,,,,,
76,,,,,,,,,,,,,North Transylvania ,,,,,,,,,,,
77,,,,,,,,,,,,,Dobrudja ,,,,,,,,,,,
78,,,,,,,,,,,,,Bessarabia ,,,,,,,,,,,
79,,,,,,,,,,,,,Moldova ,,,,,,,,,,,
80,,,,,,,,,,,,,Bucovina ,,,,,,,,,,,
81,,,,,,,,,,,,,Oltenia ,,,,,,,,,,,
82,,,,,,,,,,,,,Banat ,,,,,,,,,,,
83,,,,,,,,,,,,,Crisana ,,,,,,,,,,,
84,,,,,,,,,,,,,Transylvania ,,,,,,,,,,,
85,,,,,,,,,,,,,Danzig ,,,,,,,,,,,
86,,,,,,,,,,,,,Poznan ,,,,,,,,,,,
87,,,,,,,,,,,,,Łódz ,,,,,,,,,,,
88,,,,,,,,,,,,,Krakow ,,,,,,,,,,,
89,,,,,,,,,,,,,Stanisławów ,,,,,,,,,,,
90,,,,,,,,,,,,,Kielce ,,,,,,,,,,,
91,,,,,,,,,,,,,Lwów ,,,,,,,,,,,
92,,,,,,,,,,,,,Lublin ,,,,,,,,,,,
93,,,,,,,,,,,,,Wołyn ,,,,,,,,,,,
94,,,,,,,,,,,,,Polesie ,,,,,,,,,,,
95,,,,,,,,,,,,,Nowogródek ,,,,,,,,,,,
96,,,,,,,,,,,,,Wilejka ,,,,,,,,,,,
97,,,,,,,,,,,,,Białystok ,,,,,,,,,,,
98,,,,,,,,,,,,,Płock ,,,,,,,,,,,
99,,,,,,,,,,,,,Jutland ,,,,,,,,,,,
100,,,,,,,,,,,,,Iceland ,,,,,,,,,,,
101,,,,,,,,,,,,,Greenland ,,,,,,,,,,,
102,,,,,,,,,,,,,Slovenia ,,,,,,,,,,,
103,,,,,,,,,,,,,Dalmatia ,,,,,,,,,,,
104,,,,,,,,,,,,,Bosnia ,,,,,,,,,,,
105,,,,,,,,,,,,,Montenegro ,,,,,,,,,,,
106,,,,,,,,,,,,,Macedonia ,,,,,,,,,,,
107,,,,,,,,,,,,,Serbia ,,,,,,,,,,,
108,,,,,,,,,,,,,Morava ,,,,,,,,,,,
109,,,,,,,,,,,,,Croatia ,,,,,,,,,,,
110,,,,,,,,,,,,,Østlandet ,,,,,,,,,,,
111,,,,,,,,,,,,,Uusimaa ,,,,,,,,,,,
112,,,,,,,,,,,,,Lisbon ,,,,,,,,,,,
113,,,,,,,,,,,,,Leinster ,,,,,,,,,,,
114,,,,,,,,,,,,,Sardinia ,,,,,,,,,,,
115,,,,,,,,,,,,,Sicily ,,,,,,,,,,,
116,,,,,,,,,,,,,Malta ,,,,,,,,,,,
117,,,,,,,,,,,,,Campania ,,,,,,,,,,,
118,,,,,,,,,,,,,Gibraltar ,,,,,,,,,,,
119,,,,,,,,,,,,,Northern Ireland ,,,,,,,,,,,
120,,,,,,,,,,,,,Scottish Highlands ,,,,,,,,,,,
121,,,,,,,,,,,,,Lothian ,,,,,,,,,,,
122,,,,,,,,,,,,,Wales ,,,,,,,,,,,
123,,,,,,,,,,,,,South-West England ,,,,,,,,,,,
124,,,,,,,,,,,,,Gotland ,,,,,,,,,,,
125,,,,,,,,,,,,,East Anglia ,,,,,,,,,,,
126,,,,,,,,,,,,,Greater London Area ,,,,,,,,,,,
127,,,,,,,,,,,,,Sussex ,,,,,,,,,,,
128,,,,,,,,,,,,,West Midlands ,,,,,,,,,,,
129,,,,,,,,,,,,,East Midlands ,,,,,,,,,,,
130,,,,,,,,,,,,,Yorkshire ,,,,,,,,,,,
131,,,,,,,,,,,,,Northern England ,,,,,,,,,,,
132,,,,,,,,,,,,,Lancashire ,,,,,,,,,,,
133,,,,,,,,,,,,,Lanark ,,,,,,,,,,,
134,,,,,,,,,,,,,Connaught ,,,,,,,,,,,
135,,,,,,,,,,,,,Munster ,,,,,,,,,,,
136,,,,,,,,,,,,,Aberdeenshire ,,,,,,,,,,,
137,,,,,,,,,,,,,Crimea ,,,,,,,,,,,
138,,,,,,,,,,,,,Scania ,,,,,,,,,,,
139,,,,,,,,,,,,,Småland ,,,,,,,,,,,
140,,,,,,,,,,,,,Västergötland ,,,,,,,,,,,
141,,,,,,,,,,,,,Svealand ,,,,,,,,,,,
142,,,,,,,,,,,,,Vestlandet ,,,,,,,,,,,
143,,,,,,,,,,,,,Trøndelag ,,,,,,,,,,,
144,,,,,,,,,,,,,Nord-Norge ,,,,,,,,,,,
145,,,,,,,,,,,,,Åland ,,,,,,,,,,,
146,,,,,,,,,,,,,Karjala ,,,,,,,,,,,
147,,,,,,,,,,,,,Salla ,,,,,,,,,,,
148,,,,,,,,,,,,,Lappi ,,,,,,,,,,,
149,,,,,,,,,,,,,Pohjanmaa ,,,,,,,,,,,
150,,,,,,,,,,,,,Savo ,,,,,,,,,,,
151,,,,,,,,,,,,,Eastern Switzerland ,,,,,,,,,,,
152,,,,,,,,,,,,,Upper Austria ,Alta Austria,,,,,,,,,,
153,,,,,,,,,,,,,Tyrol ,Tirolo,,,,,,,,,,
154,,,,,,,,,,,,,Alföld ,,,,,,,,,,,
155,,,,,,,,,,,,,Transdanubia ,,,,,,,,,,,
156,,,,,,,,,,,,,Calabria ,,,,,,,,,,,
157,,,,,,,,,,,,,Abruzzo ,,,,,,,,,,,
158,,,,,,,,,,,,,Piedmont ,,,,,,,,,,,
159,,,,,,,,,,,,,Lombardy ,,,,,,,,,,,
160,,,,,,,,,,,,,Veneto ,,,,,,,,,,,
161,,,,,,,,,,,,,Emilia Romagna ,,,,,,,,,,,
162,,,,,,,,,,,,,Tuscany ,,,,,,,,,,,
163,,,,,,,,,,,,,Zara ,,,,,,,,,,,
164,,,,,,,,,,,,,Dodecanese ,,,,,,,,,,,
165,,,,,,,,,,,,,Cataluña ,,,,,,,,,,,
166,,,,,,,,,,,,,Western Aragón ,,,,,,,,,,,
167,,,,,,,,,,,,,Valencia ,,,,,,,,,,,
168,,,,,,,,,,,,,Murcia ,,,,,,,,,,,
169,,,,,,,,,,,,,Sevilla ,,,,,,,,,,,
170,,,,,,,,,,,,,Extremadura ,,,,,,,,,,,
171,,,,,,,,,,,,,Galicia ,,,,,,,,,,,
172,,,,,,,,,,,,,Navarra ,,,,,,,,,,,
173,,,,,,,,,,,,,Granada ,,,,,,,,,,,
174,,,,,,,,,,,,,León ,,,,,,,,,,,
175,,,,,,,,,,,,,Ciudad Real ,,,,,,,,,,,
176,,,,,,,,,,,,,Burgos ,,,,,,,,,,,
177,,,,,,,,,,,,,Islas Baleares ,,,,,,,,,,,
178,,,,,,,,,,,,,Islas Canarias ,,,,,,,,,,,
179,,,,,,,,,,,,,Beja ,,,,,,,,,,,
180,,,,,,,,,,,,,Porto ,,,,,,,,,,,
181,,,,,,,,,,,,,Guarda ,,,,,,,,,,,
182,,,,,,,,,,,,,Crete ,,,,,,,,,,,
183,,,,,,,,,,,,,Cyprus ,,,,,,,,,,,
184,,,,,,,,,,,,,Thrace ,,,,,,,,,,,
185,,,,,,,,,,,,,Epirus ,,,,,,,,,,,
186,,,,,,,,,,,,,Peloponnese ,,,,,,,,,,,
187,,,,,,,,,,,,,Aegean Islands ,,,,,,,,,,,
188,,,,,,,,,,,,,Memel ,,,,,,,,,,,
189,,,,,,,,,,,,,Siauliai ,,,,,,,,,,,
190,,,,,,,,,,,,,Kurzeme ,,,,,,,,,,,
191,,,,,,,,,,,,,Tartu ,,,,,,,,,,,
192,,,,,,,,,,,,,Odessa ,,,,,,,,,,,
193,,,,,,,,,,,,,Chernigov ,,,,,,,,,,,
194,,,,,,,,,,,,,Mozyr ,,,,,,,,,,,
195,,,,,,,,,,,,,Leningrad ,,,,,,,,,,,
196,,,,,,,,,,,,,Kherson ,,,,,,,,,,,
197,,,,,,,,,,,,,Mykolaiv ,,,,,,,,,,,
198,,,,,,,,,,,,,Vinnytsia ,,,,,,,,,,,
199,,,,,,,,,,,,,Khmelnytskyi ,,,,,,,,,,,
200,,,,,,,,,,,,,Zaporozhe ,,,,,,,,,,,
201,,,,,,,,,,,,,Zhytomyr ,,,,,,,,,,,
202,,,,,,,,,,,,,Kiev ,,,,,,,,,,,
203,,,,,,,,,,,,,Cherkasy ,,,,,,,,,,,
204,,,,,,,,,,,,,Bobruysk ,,,,,,,,,,,
205,,,,,,,,,,,,,Kaluga ,,,,,,,,,,,
206,,,,,,,,,,,,,Minsk ,,,,,,,,,,,
207,,,,,,,,,,,,,Vitebsk ,,,,,,,,,,,
208,,,,,,,,,,,,,Luga ,,,,,,,,,,,
209,,,,,,,,,,,,,Pskov ,,,,,,,,,,,
210,,,,,,,,,,,,,Nevel ,,,,,,,,,,,
211,,,,,,,,,,,,,Burgas ,,,,,,,,,,,
212,,,,,,,,,,,,,Plovdiv ,,,,,,,,,,,
213,,,,,,,,,,,,,Murmansk ,,,,,,,,,,,
214,,,,,,,,,,,,,Arkhangelsk ,,,,,,,,,,,
215,,,,,,,,,,,,,Onega ,,,,,,,,,,,
216,,,,,,,,,,,,,Olonets ,,,,,,,,,,,
217,,,,,,,,,,,,,Stalingrad ,,,,,,,,,,,
218,,,,,,,,,,,,,Rostov ,,,,,,,,,,,
219,,,,,,,,,,,,,Moscow ,,,,,,,,,,,
220,,,,,,,,,,,,,Kursk ,,,,,,,,,,,
221,,,,,,,,,,,,,Kharkov ,,,,,,,,,,,
222,,,,,,,,,,,,,Orel ,,,,,,,,,,,
223,,,,,,,,,,,,,Tula ,,,,,,,,,,,
224,,,,,,,,,,,,,Bryansk ,,,,,,,,,,,
225,,,,,,,,,,,,,Sumy ,,,,,,,,,,,
226,,,,,,,,,,,,,Dnipropetrovsk ,,,,,,,,,,,
227,,,,,,,,,,,,,Stalino ,,,,,,,,,,,
228,,,,,,,,,,,,,Voroshilovgrad ,,,,,,,,,,,
229,,,,,,,,,,,,,Azerbaijan ,,,,,,,,,,,
230,,,,,,,,,,,,,Armenia ,,,,,,,,,,,
231,,,,,,,,,,,,,Georgia ,,,,,,,,,,,
232,,,,,,,,,,,,,Grozny ,,,,,,,,,,,
233,,,,,,,,,,,,,Caucasus Mountains ,,,,,,,,,,,
234,,,,,,,,,,,,,Krasnodar ,,,,,,,,,,,
235,,,,,,,,,,,,,Stavropol ,,,,,,,,,,,
236,,,,,,,,,,,,,Astrakhan ,,,,,,,,,,,
237,,,,,,,,,,,,,Elista ,,,,,,,,,,,
238,,,,,,,,,,,,,Volgodonsk ,,,,,,,,,,,
239,,,,,,,,,,,,,Saratov ,,,,,,,,,,,
240,,,,,,,,,,,,,Belgorod ,,,,,,,,,,,
241,,,,,,,,,,,,,Gomel ,,,,,,,,,,,
242,,,,,,,,,,,,,Smolensk ,,,,,,,,,,,
243,,,,,,,,,,,,,Roslavl ,,,,,,,,,,,
244,,,,,,,,,,,,,Volkhov ,,,,,,,,,,,
245,,,,,,,,,,,,,Millerovo ,,,,,,,,,,,
246,,,,,,,,,,,,,Rzhev ,,,,,,,,,,,
247,,,,,,,,,,,,,Kalinin ,,,,,,,,,,,
248,,,,,,,,,,,,,Yaroslavl ,,,,,,,,,,,
249,,,,,,,,,,,,,Kazan ,,,,,,,,,,,
250,,,,,,,,,,,,,Ulyanovsky ,,,,,,,,,,,
251,,,,,,,,,,,,,Kuibyshev ,,,,,,,,,,,
252,,,,,,,,,,,,,Gorki ,,,,,,,,,,,
253,,,,,,,,,,,,,Ivanovo ,,,,,,,,,,,
254,,,,,,,,,,,,,Ryazan ,,,,,,,,,,,
255,,,,,,,,,,,,,Penza ,,,,,,,,,,,
256,,,,,,,,,,,,,Cheboksary ,,,,,,,,,,,
257,,,,,,,,,,,,,Tambov ,,,,,,,,,,,
258,,,,,,,,,,,,,Lipetsk ,,,,,,,,,,,
259,,,,,,,,,,,,,Poltava ,,,,,,,,,,,
260,,,,,,,,,,,,,Voronezh ,,,,,,,,,,,
261,,,,,,,,,,,,,Ohio ,,,,,,,,,,,
262,,,,,,,,,,,,,Pechora ,,,,,,,,,,,
263,,,,,,,,,,,,,Novgorod ,,,,,,,,,,,
264,,,,,,,,,,,,,Tikhvin ,,,,,,,,,,,
265,,,,,,,,,,,,,Mikhaylovka ,,,,,,,,,,,
266,,,,,,,,,,,,,Tehran ,,,,,,,,,,,
267,,,,,,,,,,,,,Kabul ,,,,,,,,,,,
268,,,,,,,,,,,,,French Somaliland ,,,,,,,,,,,
269,,,,,,,,,,,,,British Somaliland ,,,,,,,,,,,
270,,,,,,,,,,,,,Pitcairn Island ,,,,,,,,,,,
271,,,,,,,,,,,,,Ethiopia ,,,,,,,,,,,
272,,,,,,,,,,,,,Senegal ,,,,,,,,,,,
273,,,,,,,,,,,,,Libyan Desert ,,,,,,,,,,,
274,,,,,,,,,,,,,Ghana ,,,,,,,,,,,
275,,,,,,,,,,,,,Transvaal ,,,,,,,,,,,
276,,,,,,,,,,,,,Southern Ontario ,,,,,,,,,,,
277,,,,,,,,,,,,,Mexico City ,,,,,,,,,,,
278,,,,,,,,,,,,,Pampas ,,,,,,,,,,,
279,,,,,,,,,,,,,Santiago ,,,,,,,,,,,
280,,,,,,,,,,,,,Mato Grosso ,,,,,,,,,,,
281,,,,,,,,,,,,,Maldives ,,,,,,,,,,,
282,,,,,,,,,,,,,Kanto ,,,,,,,,,,,
283,,,,,,,,,,,,,Gansu ,,,,,,,,,,,
284,,,,,,,,,,,,,North Island ,,,,,,,,,,,
285,,,,,,,,,,,,,New South Wales ,Nuovo Galles del Sud,,,,,,,,,,
286,,,,,,,,,,,,,Southern Indochina ,,,,,,,,,,,
287,,,,,,,,,,,,,Taklamakan ,,,,,,,,,,,
288,,,,,,,,,,,,,Burma ,,,,,,,,,,,
289,,,,,,,,,,,,,Siam ,,,,,,,,,,,
290,,,,,,,,,,,,,Spanish Africa ,,,,,,,,,,,
291,,,,,,,,,,,,,Baghdad ,,,,,,,,,,,
292,,,,,,,,,,,,,Nejd ,,,,,,,,,,,
293,,,,,,,,,,,,,Yemen ,,,,,,,,,,,
294,,,,,,,,,,,,,Oman ,,,,,,,,,,,
295,,,,,,,,,,,,,Leopoldville ,Leopoldopoli,,,,,,,,,,
296,,,,,,,,,,,,,Portuguese Guinea ,,,,,,,,,,,
297,,,,,,,,,,,,,Equatorial Guinea ,,,,,,,,,,,
298,,,,,,,,,,,,,Liberia ,,,,,,,,,,,
299,,,,,,,,,,,,,Falkland Islands ,,,,,,,,,,,
300,,,,,,,,,,,,,Uruguay ,,,,,,,,,,,
301,,,,,,,,,,,,,Paraguay ,,,,,,,,,,,
302,,,,,,,,,,,,,La Paz ,,,,,,,,,,,
303,,,,,,,,,,,,,Lima ,,,,,,,,,,,
304,,,,,,,,,,,,,Panamá ,,,,,,,,,,,
305,,,,,,,,,,,,,Ecuador ,,,,,,,,,,,
306,,,,,,,,,,,,,Cundinamarca ,,,,,,,,,,,
307,,,,,,,,,,,,,Miranda ,,,,,,,,,,,
308,,,,,,,,,,,,,Leeward Islands ,,,,,,,,,,,
309,,,,,,,,,,,,,Suriname ,,,,,,,,,,,
310,,,,,,,,,,,,,French Guiana ,,,,,,,,,,,
311,,,,,,,,,,,,,British Honduras ,,,,,,,,,,,
312,,,,,,,,,,,,,Honduras ,,,,,,,,,,,
313,,,,,,,,,,,,,Guatemala ,,,,,,,,,,,
314,,,,,,,,,,,,,El Salvador ,,,,,,,,,,,
315,,,,,,,,,,,,,Cuba ,,,,,,,,,,,
316,,,,,,,,,,,,,Costa Rica ,,,,,,,,,,,
317,,,,,,,,,,,,,Nicaragua ,,,,,,,,,,,
318,,,,,,,,,,,,,Haiti ,,,,,,,,,,,
319,,,,,,,,,,,,,Dominican Republic ,,,,,,,,,,,
320,,,,,,,,,,,,,French India ,,,,,,,,,,,
321,,,,,,,,,,,,,Goa ,,,,,,,,,,,
322,,,,,,,,,,,,,Nagqu ,,,,,,,,,,,
323,,,,,,,,,,,,,Nepal ,,,,,,,,,,,
324,,,,,,,,,,,,,Bhutan ,,,,,,,,,,,
325,,,,,,,,,,,,,Yunnan ,,,,,,,,,,,
326,,,,,,,,,,,,,Hong Kong ,,,,,,,,,,,
327,,,,,,,,,,,,,Manila ,,,,,,,,,,,
328,,,,,,,,,,,,,Kirin ,,,,,,,,,,,
329,,,,,,,,,,,,,Tannu Tuva ,,,,,,,,,,,
330,,,,,,,,,,,,,Mongolia ,,,,,,,,,,,
331,,,,,,,,,,,,,Newfoundland ,,,,,,,,,,,
332,,,,,,,,,,,,,Labrador ,,,,,,,,,,,
333,,,,,,,,,,,,,North Borneo ,,,,,,,,,,,
334,,,,,,,,,,,,,Kalimantan ,,,,,,,,,,,
335,,,,,,,,,,,,,Java ,,,,,,,,,,,
336,,,,,,,,,,,,,Singapore ,,,,,,,,,,,
337,,,,,,,,,,,,,Faroe Islands ,,,,,,,,,,,
338,,,,,,,,,,,,,Gloucestershire ,,,,,,,,,,,
339,,,,,,,,,,,,,Izmir ,,,,,,,,,,,
340,,,,,,,,,,,,,Bursa ,,,,,,,,,,,
341,,,,,,,,,,,,,Edirne ,,,,,,,,,,,
342,,,,,,,,,,,,,Antalya ,,,,,,,,,,,
343,,,,,,,,,,,,,Afyon ,,,,,,,,,,,
344,,,,,,,,,,,,,Malatya ,,,,,,,,,,,
345,,,,,,,,,,,,,Mersin ,,,,,,,,,,,
346,,,,,,,,,,,,,Konya ,,,,,,,,,,,
347,,,,,,,,,,,,,Izmit ,,,,,,,,,,,
348,,,,,,,,,,,,,Kayseri ,,,,,,,,,,,
349,,,,,,,,,,,,,Sivas ,,,,,,,,,,,
350,,,,,,,,,,,,,Diyarbakır ,,,,,,,,,,,
351,,,,,,,,,,,,,Vologda ,,,,,,,,,,,
352,,,,,,,,,,,,,Hakkari ,,,,,,,,,,,
353,,,,,,,,,,,,,Tunceli ,,,,,,,,,,,
354,,,,,,,,,,,,,Trabzon ,,,,,,,,,,,
355,,,,,,,,,,,,,Samsun ,,,,,,,,,,,
356,,,,,,,,,,,,,Kastamonu ,,,,,,,,,,,
357,,,,,,,,,,,,,New England ,,,,,,,,,,,
358,,,,,,,,,,,,,New York ,,,,,,,,,,,
359,,,,,,,,,,,,,New Jersey ,,,,,,,,,,,
360,,,,,,,,,,,,,Pennsylvania ,,,,,,,,,,,
361,,,,,,,,,,,,,Maryland ,,,,,,,,,,,
362,,,,,,,,,,,,,Virginia ,,,,,,,,,,,
363,,,,,,,,,,,,,North Carolina ,,,,,,,,,,,
364,,,,,,,,,,,,,South Carolina ,,,,,,,,,,,
365,,,,,,,,,,,,,Georgia ,,,,,,,,,,,
366,,,,,,,,,,,,,Florida ,,,,,,,,,,,
367,,,,,,,,,,,,,Alabama ,,,,,,,,,,,
368,,,,,,,,,,,,,Tennessee ,,,,,,,,,,,
369,,,,,,,,,,,,,Kentucky ,,,,,,,,,,,
370,,,,,,,,,,,,,Mississippi ,,,,,,,,,,,
371,,,,,,,,,,,,,Louisiana ,,,,,,,,,,,
372,,,,,,,,,,,,,Arkansas ,,,,,,,,,,,
373,,,,,,,,,,,,,Missouri ,,,,,,,,,,,
374,,,,,,,,,,,,,Oklahoma ,,,,,,,,,,,
375,,,,,,,,,,,,,Texas ,,,,,,,,,,,
376,,,,,,,,,,,,,New Mexico ,,,,,,,,,,,
377,,,,,,,,,,,,,Arizona ,,,,,,,,,,,
378,,,,,,,,,,,,,California ,,,,,,,,,,,
379,,,,,,,,,,,,,Nevada ,,,,,,,,,,,
380,,,,,,,,,,,,,Utah ,,,,,,,,,,,
381,,,,,,,,,,,,,Wyoming ,,,,,,,,,,,
382,,,,,,,,,,,,,Colorado ,,,,,,,,,,,
383,,,,,,,,,,,,,Kansas ,,,,,,,,,,,
384,,,,,,,,,,,,,Nebraska ,,,,,,,,,,,
385,,,,,,,,,,,,,Oregon ,,,,,,,,,,,
386,,,,,,,,,,,,,Washington ,,,,,,,,,,,
387,,,,,,,,,,,,,Idaho ,,,,,,,,,,,
388,,,,,,,,,,,,,Montana ,,,,,,,,,,,
389,,,,,,,,,,,,,North Dakota ,,,,,,,,,,,
390,,,,,,,,,,,,,South Dakota ,,,,,,,,,,,
391,,,,,,,,,,,,,Minnesota ,,,,,,,,,,,
392,,,,,,,,,,,,,Iowa ,,,,,,,,,,,
393,,,,,,,,,,,,,Michigan ,,,,,,,,,,,
394,,,,,,,,,,,,,Wisconsin ,,,,,,,,,,,
395,,,,,,,,,,,,,Illinois ,,,,,,,,,,,
396,,,,,,,,,,,,,Indiana ,,,,,,,,,,,
397,,,,,,,,,,,,,Syktyvkar ,,,,,,,,,,,
398,,,,,,,,,,,,,Perm ,,,,,,,,,,,
399,,,,,,,,,,,,,Izhevsk ,,,,,,,,,,,
400,,,,,,,,,,,,,Kirov ,,,,,,,,,,,
401,,,,,,,,,,,,,Engels ,,,,,,,,,,,
402,,,,,,,,,,,,,Akhtubinsk ,,,,,,,,,,,
403,,,,,,,,,,,,,Tyumen ,,,,,,,,,,,
404,,,,,,,,,,,,,Kyzyl Orda ,,,,,,,,,,,
405,,,,,,,,,,,,,Tashkent ,,,,,,,,,,,
406,,,,,,,,,,,,,Guryev ,,,,,,,,,,,
407,,,,,,,,,,,,,Ural'sk ,,,,,,,,,,,
408,,,,,,,,,,,,,Vladivostok ,,,,,,,,,,,
409,,,,,,,,,,,,,Khabarovsk ,,,,,,,,,,,
410,,,,,,,,,,,,,Sistan ,,,,,,,,,,,
411,,,,,,,,,,,,,Isfahan ,,,,,,,,,,,
412,,,,,,,,,,,,,Fars ,,,,,,,,,,,
413,,,,,,,,,,,,,Khuzestan ,,,,,,,,,,,
414,,,,,,,,,,,,,Kerman ,,,,,,,,,,,
415,,,,,,,,,,,,,Herat ,,,,,,,,,,,
416,,,,,,,,,,,,,Khorasan ,,,,,,,,,,,
417,,,,,,,,,,,,,Hamadan ,,,,,,,,,,,
418,,,,,,,,,,,,,Semnan ,,,,,,,,,,,
419,,,,,,,,,,,,,Tibriz ,,,,,,,,,,,
420,,,,,,,,,,,,,Gilan ,,,,,,,,,,,
421,,,,,,,,,,,,,Kurdistan ,,,,,,,,,,,
422,,,,,,,,,,,,,Ceylon ,,,,,,,,,,,
423,,,,,,,,,,,,,Madurai ,,,,,,,,,,,
424,,,,,,,,,,,,,Madras ,,,,,,,,,,,
425,,,,,,,,,,,,,Mysore ,,,,,,,,,,,
426,,,,,,,,,,,,,Orissa ,,,,,,,,,,,
427,,,,,,,,,,,,,Hyderabad ,,,,,,,,,,,
428,,,,,,,,,,,,,Gujarat ,,,,,,,,,,,
429,,,,,,,,,,,,,Bombay ,,,,,,,,,,,
430,,,,,,,,,,,,,East Bengal ,,,,,,,,,,,
431,,,,,,,,,,,,,West Bengal ,,,,,,,,,,,
432,,,,,,,,,,,,,Assam ,,,,,,,,,,,
433,,,,,,,,,,,,,Rajahsthan ,,,,,,,,,,,
434,,,,,,,,,,,,,Arunachal Pradesh ,,,,,,,,,,,
435,,,,,,,,,,,,,Bihar ,,,,,,,,,,,
436,,,,,,,,,,,,,Jabalpur ,,,,,,,,,,,
437,,,,,,,,,,,,,Indore ,,,,,,,,,,,
438,,,,,,,,,,,,,Lucknow ,,,,,,,,,,,
439,,,,,,,,,,,,,Delhi ,,,,,,,,,,,
440,,,,,,,,,,,,,Punjab ,,,,,,,,,,,
441,,,,,,,,,,,,,Kashmir ,,,,,,,,,,,
442,,,,,,,,,,,,,Peshawar ,,,,,,,,,,,
443,,,,,,,,,,,,,Sind ,,,,,,,,,,,
444,,,,,,,,,,,,,Baluchistan ,,,,,,,,,,,
445,,,,,,,,,,,,,Quetta ,,,,,,,,,,,
446,,,,,,,,,,,,,Cairo ,,,,,,,,,,,
447,,,,,,,,,,,,,Alexandria ,,,,,,,,,,,
448,,,,,,,,,,,,,Tripoli ,,,,,,,,,,,
449,,,,,,,,,,,,,El Agheila ,,,,,,,,,,,
450,,,,,,,,,,,,,Benghasi ,,,,,,,,,,,
451,,,,,,,,,,,,,Derna ,,,,,,,,,,,
452,,,,,,,,,,,,,Matrouh ,,,,,,,,,,,
453,,,,,,,,,,,,,Sinai ,,,,,,,,,,,
454,,,,,,,,,,,,,Palestine ,,,,,,,,,,,
455,,,,,,,,,,,,,Jordan ,,,,,,,,,,,
456,,,,,,,,,,,,,Aswan ,,,,,,,,,,,
457,,,,,,,,,,,,,Eastern Desert ,,,,,,,,,,,
458,,,,,,,,,,,,,Tunisia ,,,,,,,,,,,
459,,,,,,,,,,,,,Algiers ,,,,,,,,,,,
460,,,,,,,,,,,,,Constantine ,,,,,,,,,,,
461,,,,,,,,,,,,,Casablanca ,,,,,,,,,,,
462,,,,,,,,,,,,,Marrakech ,,,,,,,,,,,
463,,,,,,,,,,,,,Alaska ,,,,,,,,,,,
464,,,,,,,,,,,,,Nova Scotia ,,,,,,,,,,,
465,,,,,,,,,,,,,New Brunswick ,,,,,,,,,,,
466,,,,,,,,,,,,,Quebec ,,,,,,,,,,,
467,,,,,,,,,,,,,Manitoba ,,,,,,,,,,,
468,,,,,,,,,,,,,Saint Lawrence ,,,,,,,,,,,
469,,,,,,,,,,,,,Saskatchewan ,,,,,,,,,,,
470,,,,,,,,,,,,,Alberta ,,,,,,,,,,,
471,,,,,,,,,,,,,Northwestern Canada ,,,,,,,,,,,
472,,,,,,,,,,,,,Northern Canada ,,,,,,,,,,,
473,,,,,,,,,,,,,British Columbia ,,,,,,,,,,,
474,,,,,,,,,,,,,Yucatan ,,,,,,,,,,,
475,,,,,,,,,,,,,Chiapas ,,,,,,,,,,,
476,,,,,,,,,,,,,Oaxaca ,,,,,,,,,,,
477,,,,,,,,,,,,,Veracruz ,,,,,,,,,,,
478,,,,,,,,,,,,,Jalisco ,,,,,,,,,,,
479,,,,,,,,,,,,,Tamaulipas ,,,,,,,,,,,
480,,,,,,,,,,,,,Coahuila ,,,,,,,,,,,
481,,,,,,,,,,,,,Durango ,,,,,,,,,,,
482,,,,,,,,,,,,,Chihuahua ,,,,,,,,,,,
483,,,,,,,,,,,,,Sonora ,,,,,,,,,,,
484,,,,,,,,,,,,,Baja California ,,,,,,,,,,,
485,,,,,,,,,,,,,Guerrero ,,,,,,,,,,,
486,,,,,,,,,,,,,Meta ,,,,,,,,,,,
487,,,,,,,,,,,,,Santa Cruz ,,,,,,,,,,,
488,,,,,,,,,,,,,Bolivar ,,,,,,,,,,,
489,,,,,,,,,,,,,Zulia ,,,,,,,,,,,
490,,,,,,,,,,,,,Pastaza ,,,,,,,,,,,
491,,,,,,,,,,,,,Loreto ,,,,,,,,,,,
492,,,,,,,,,,,,,Arequipa ,,,,,,,,,,,
493,,,,,,,,,,,,,La Libertad ,,,,,,,,,,,
494,,,,,,,,,,,,,Ucayali ,,,,,,,,,,,
495,,,,,,,,,,,,,Amazonas ,,,,,,,,,,,
496,,,,,,,,,,,,,Minas Gerais ,,,,,,,,,,,
497,,,,,,,,,,,,,Maranhao ,,,,,,,,,,,
498,,,,,,,,,,,,,Rio Grande ,,,,,,,,,,,
499,,,,,,,,,,,,,Bahia ,,,,,,,,,,,
500,,,,,,,,,,,,,Rio de Janeiro ,,,,,,,,,,,
501,,,,,,,,,,,,,Sao Paulo ,,,,,,,,,,,
502,,,,,,,,,,,,,Rio Grande Sul ,,,,,,,,,,,
503,,,,,,,,,,,,,Santa Catarina ,,,,,,,,,,,
504,,,,,,,,,,,,,Iguacu ,,,,,,,,,,,
505,,,,,,,,,,,,,Goias ,,,,,,,,,,,
506,,,,,,,,,,,,,Antofagasta ,,,,,,,,,,,
507,,,,,,,,,,,,,Magallanes ,,,,,,,,,,,
508,,,,,,,,,,,,,Tucuman ,,,,,,,,,,,
509,,,,,,,,,,,,,Chaco Austral ,Chaco Australe,,,,,,,,,,
510,,,,,,,,,,,,,Mesopotamia ,,,,,,,,,,,
511,,,,,,,,,,,,,Mendoza ,,,,,,,,,,,
512,,,,,,,,,,,,,Patagonia ,,,,,,,,,,,
513,,,,,,,,,,,,,Tlemcen ,,,,,,,,,,,
514,,,,,,,,,,,,,Algerian Desert ,,,,,,,,,,,
515,,,,,,,,,,,,,Southern Sahara ,,,,,,,,,,,
516,,,,,,,,,,,,,Northwest Siberia ,,,,,,,,,,,
517,,,,,,,,,,,,,Victoria ,Victoria,,,,,,,,,,
518,,,,,,,,,,,,,Tasmania ,Tasmania,,,,,,,,,,
519,,,,,,,,,,,,,South Australia ,Austrialia Meridonale,,,,,,,,,,
520,,,,,,,,,,,,,Northern Territory ,Territorio del Nord,,,,,,,,,,
521,,,,,,,,,,,,,Queensland ,Terra della Regina,,,,,,,,,,
522,,,,,,,,,,,,,Western Australia ,Austrialia Occidentale,,,,,,,,,,
523,,,,,,,,,,,,,Papua ,,,,,,,,,,,
524,,,,,,,,,,,,,Taiwan ,,,,,,,,,,,
525,,,,,,,,,,,,,South Korea ,,,,,,,,,,,
526,,,,,,,,,,,,,Okinawa ,,,,,,,,,,,
527,,,,,,,,,,,,,North Korea ,,,,,,,,,,,
528,,,,,,,,,,,,,Kyushu ,,,,,,,,,,,
529,,,,,,,,,,,,,Chugoku ,,,,,,,,,,,
530,,,,,,,,,,,,,Shikoku ,,,,,,,,,,,
531,,,,,,,,,,,,,Kansai ,,,,,,,,,,,
532,,,,,,,,,,,,,Tokai ,,,,,,,,,,,
533,,,,,,,,,,,,,Tohoku ,,,,,,,,,,,
534,,,,,,,,,,,,,Hokuriku ,,,,,,,,,,,
535,,,,,,,,,,,,,Koshinetsu ,,,,,,,,,,,
536,,,,,,,,,,,,,Hokkaido ,,,,,,,,,,,
537,,,,,,,,,,,,,South Sakhalin ,,,,,,,,,,,
538,,,,,,,,,,,,,Central Congo ,Congo Centrale,,,,,,,,,,
539,,,,,,,,,,,,,Gabon ,,,,,,,,,,,
540,,,,,,,,,,,,,South Angola ,,,,,,,,,,,
541,,,,,,,,,,,,,South West Africa ,,,,,,,,,,,
542,,,,,,,,,,,,,Bechuanaland ,,,,,,,,,,,
543,,,,,,,,,,,,,Madagascar ,,,,,,,,,,,
544,,,,,,,,,,,,,Mozambique ,,,,,,,,,,,
545,,,,,,,,,,,,,Rhodesia ,,,,,,,,,,,
546,,,,,,,,,,,,,Tanganyika ,,,,,,,,,,,
547,,,,,,,,,,,,,Kenya ,,,,,,,,,,,
548,,,,,,,,,,,,,Uganda ,,,,,,,,,,,
549,,,,,,,,,,,,,Sudan ,,,,,,,,,,,
550,,,,,,,,,,,,,Eritrea ,,,,,,,,,,,
551,,,,,,,,,,,,,Khartoum ,,,,,,,,,,,
552,,,,,,,,,,,,,Western Desert ,,,,,,,,,,,
553,,,,,,,,,,,,,Lebanon ,,,,,,,,,,,
554,,,,,,,,,,,,,Damascus ,,,,,,,,,,,
555,,,,,,,,,,,,,Kuril Islands ,,,,,,,,,,,
556,,,,,,,,,,,,,Mali ,,,,,,,,,,,
557,,,,,,,,,,,,,Mauritania ,,,,,,,,,,,
558,,,,,,,,,,,,,Nigeria ,,,,,,,,,,,
559,,,,,,,,,,,,,Somaliland ,,,,,,,,,,,
560,,,,,,,,,,,,,Nikolayevsk ,,,,,,,,,,,
561,,,,,,,,,,,,,Amur ,,,,,,,,,,,
562,,,,,,,,,,,,,Okhotsk ,,,,,,,,,,,
563,,,,,,,,,,,,,Chita ,,,,,,,,,,,
564,,,,,,,,,,,,,Ulan Ude ,,,,,,,,,,,
565,,,,,,,,,,,,,Bodaybo ,,,,,,,,,,,
566,,,,,,,,,,,,,Irkutsk ,,,,,,,,,,,
567,,,,,,,,,,,,,Bratsk ,,,,,,,,,,,
568,,,,,,,,,,,,,Krasnoyarsk ,,,,,,,,,,,
569,,,,,,,,,,,,,Kemerovo ,,,,,,,,,,,
570,,,,,,,,,,,,,Novosibirsk ,,,,,,,,,,,
571,,,,,,,,,,,,,Omsk ,,,,,,,,,,,
572,,,,,,,,,,,,,Chelyabinsk ,,,,,,,,,,,
573,,,,,,,,,,,,,Zlatoust ,,,,,,,,,,,
574,,,,,,,,,,,,,Yakutsk ,,,,,,,,,,,
575,,,,,,,,,,,,,Kirensk ,,,,,,,,,,,
576,,,,,,,,,,,,,Yeniseisk ,,,,,,,,,,,
577,,,,,,,,,,,,,Surgut ,,,,,,,,,,,
578,,,,,,,,,,,,,Tomsk ,,,,,,,,,,,
579,,,,,,,,,,,,,Salekhard ,,,,,,,,,,,
580,,,,,,,,,,,,,Tobolsk ,,,,,,,,,,,
581,,,,,,,,,,,,,Northern Urals ,,,,,,,,,,,
582,,,,,,,,,,,,,Magnitogorsk ,,,,,,,,,,,
583,,,,,,,,,,,,,Kustanay ,,,,,,,,,,,
584,,,,,,,,,,,,,Ashkhabad ,,,,,,,,,,,
585,,,,,,,,,,,,,Urgench ,,,,,,,,,,,
586,,,,,,,,,,,,,Alma-Ata ,,,,,,,,,,,
587,,,,,,,,,,,,,Ust Urt ,,,,,,,,,,,
588,,,,,,,,,,,,,Semipalatinsk ,,,,,,,,,,,
589,,,,,,,,,,,,,Ayaguz ,,,,,,,,,,,
590,,,,,,,,,,,,,Akmolinsk ,,,,,,,,,,,
591,,,,,,,,,,,,,Hainan ,,,,,,,,,,,
592,,,,,,,,,,,,,Guangzhou ,,,,,,,,,,,
593,,,,,,,,,,,,,Guangdong ,,,,,,,,,,,
594,,,,,,,,,,,,,Nanning ,,,,,,,,,,,
595,,,,,,,,,,,,,Fujian ,,,,,,,,,,,
596,,,,,,,,,,,,,Zhejiang ,,,,,,,,,,,
597,,,,,,,,,,,,,Shandong ,,,,,,,,,,,
598,,,,,,,,,,,,,Jiangsu ,,,,,,,,,,,
599,,,,,,,,,,,,,Guangxi ,,,,,,,,,,,
600,,,,,,,,,,,,,Jiangxi ,,,,,,,,,,,
601,,,,,,,,,,,,,Xikang ,,,,,,,,,,,
602,,,,,,,,,,,,,Hunan ,,,,,,,,,,,
603,,,,,,,,,,,,,Guizhou ,,,,,,,,,,,
604,,,,,,,,,,,,,Qinghai ,,,,,,,,,,,
605,,,,,,,,,,,,,Sichuan ,,,,,,,,,,,
606,,,,,,,,,,,,,Anhui ,,,,,,,,,,,
607,,,,,,,,,,,,,Henan ,,,,,,,,,,,
608,,,,,,,,,,,,,Beijing ,,,,,,,,,,,
609,,,,,,,,,,,,,East Hebei ,,,,,,,,,,,
610,,,,,,,,,,,,,Jehol ,,,,,,,,,,,
611,,,,,,,,,,,,,South Chahar ,,,,,,,,,,,
612,,,,,,,,,,,,,Chahar ,,,,,,,,,,,
613,,,,,,,,,,,,,Shanghai ,,,,,,,,,,,
614,,,,,,,,,,,,,Hebei ,,,,,,,,,,,
615,,,,,,,,,,,,,Shanxi ,,,,,,,,,,,
616,,,,,,,,,,,,,Ningxia ,,,,,,,,,,,
617,,,,,,,,,,,,,Urumqi ,,,,,,,,,,,
618,,,,,,,,,,,,,Dzungaria ,,,,,,,,,,,
619,,,,,,,,,,,,,Yarkand ,,,,,,,,,,,
620,,,,,,,,,,,,,Hubei ,,,,,,,,,,,
621,,,,,,,,,,,,,Suiyuan ,,,,,,,,,,,
622,,,,,,,,,,,,,Shaanxi ,,,,,,,,,,,
623,,,,,,,,,,,,,Luzon ,,,,,,,,,,,
624,,,,,,,,,,,,,Central islands ,,,,,,,,,,,
625,,,,,,,,,,,,,Samar ,,,,,,,,,,,
626,,,,,,,,,,,,,Palawan ,,,,,,,,,,,
627,,,,,,,,,,,,,Mindanao ,,,,,,,,,,,
628,,,,,,,,,,,,,Cebu ,,,,,,,,,,,
629,,,,,,,,,,,,,Hawaii ,,,,,,,,,,,
630,,,,,,,,,,,,,Johnston Atoll ,,,,,,,,,,,
631,,,,,,,,,,,,,Midway Island ,,,,,,,,,,,
632,,,,,,,,,,,,,Wake Island ,,,,,,,,,,,
633,,,,,,,,,,,,,Marshall Islands ,,,,,,,,,,,
634,,,,,,,,,,,,,Solomon Islands ,Isole Salomone,,,,,,,,,,
635,,,,,,,,,,,,,New Caledonia ,,,,,,,,,,,
636,,,,,,,,,,,,,Fiji ,,,,,,,,,,,
637,,,,,,,,,,,,,Kamchatka ,,,,,,,,,,,
638,,,,,,,,,,,,,Guam ,,,,,,,,,,,
639,,,,,,,,,,,,,Gilbert Islands ,,,,,,,,,,,
640,,,,,,,,,,,,,Mandalay ,,,,,,,,,,,
641,,,,,,,,,,,,,Tahiti ,,,,,,,,,,,
642,,,,,,,,,,,,,Phoenix Island ,,,,,,,,,,,
643,,,,,,,,,,,,,Ellice Islands ,,,,,,,,,,,
644,,,,,,,,,,,,,Northeast Siberia ,,,,,,,,,,,
645,,,,,,,,,,,,,Iwo Jima ,,,,,,,,,,,
646,,,,,,,,,,,,,Saipan ,,,,,,,,,,,
647,,,,,,,,,,,,,Palau ,,,,,,,,,,,
648,,,,,,,,,,,,,Marcus Island ,,,,,,,,,,,
649,,,,,,,,,,,,,Galapagos Islands ,,,,,,,,,,,
650,,,,,,,,,,,,,Attu Island ,,,,,,,,,,,
651,,,,,,,,,,,,,Ufa ,,,,,,,,,,,
652,,,,,,,,,,,,,Orenburg ,,,,,,,,,,,
653,,,,,,,,,,,,,Sverdlovsk ,,,,,,,,,,,
654,,,,,,,,,,,,,Gorno-Altaysk ,,,,,,,,,,,
655,,,,,,,,,,,,,North Sakhalin ,,,,,,,,,,,
656,,,,,,,,,,,,,Kuwait ,,,,,,,,,,,
657,,,,,,,,,,,,,Birobidzhan ,,,,,,,,,,,
658,,,,,,,,,,,,,Abu Dhabi ,,,,,,,,,,,
659,,,,,,,,,,,,,Aden ,,,,,,,,,,,
660,,,,,,,,,,,,,Equatorial Africa ,,,,,,,,,,,
661,,,,,,,,,,,,,Tripolitania ,,,,,,,,,,,
662,,,,,,,,,,,,,Sirte ,,,,,,,,,,,
663,,,,,,,,,,,,,Cyrenaica ,,,,,,,,,,,
664,,,,,,,,,,,,,Southern Slovakia ,,,,,,,,,,,
665,,,,,,,,,,,,,Gabès ,,,,,,,,,,,
666,,,,,,,,,,,,,Lappland ,,,,,,,,,,,
667,,,,,,,,,,,,,Lesser Sunda Islands ,,,,,,,,,,,
668,,,,,,,,,,,,,The Moluccas ,,,,,,,,,,,
669,,,,,,,,,,,,,West Papua ,,,,,,,,,,,
670,,,,,,,,,,,,,Laos ,,,,,,,,,,,
671,,,,,,,,,,,,,Tonkin ,,,,,,,,,,,
672,,,,,,,,,,,,,Sumatra ,,,,,,,,,,,
673,,,,,,,,,,,,,Sulawesi ,,,,,,,,,,,
674,,,,,,,,,,,,,Central Australia ,Austrialia Centrale,,,,,,,,,,
675,,,,,,,,,,,,,Al Hajara ,,,,,,,,,,,
676,,,,,,,,,,,,,Mosul ,,,,,,,,,,,
677,,,,,,,,,,,,,Aleppo ,,,,,,,,,,,
678,,,,,,,,,,,,,Rub al Khali ,,,,,,,,,,,
679,,,,,,,,,,,,,Hejaz ,,,,,,,,,,,
680,,,,,,,,,,,,,Deir-az-Zur ,,,,,,,,,,,
681,,,,,,,,,,,,,Cape ,,,,,,,,,,,
682,,,,,,,,,,,,,Northern Ontario ,,,,,,,,,,,
683,,,,,,,,,,,,,Northeastern Canada ,,,,,,,,,,,
684,,,,,,,,,,,,,Caroline Islands ,,,,,,,,,,,
685,,,,,,,,,,,,,Panamá Canal ,,,,,,,,,,,
686,,,,,,,,,,,,,Puerto Rico ,,,,,,,,,,,
687,,,,,,,,,,,,,British Guyana ,,,,,,,,,,,
688,,,,,,,,,,,,,Chaco Boreal ,,,,,,,,,,,
689,,,,,,,,,,,,,Jamaica ,,,,,,,,,,,
690,,,,,,,,,,,,,Northern Bahamas ,,,,,,,,,,,
691,,,,,,,,,,,,,Trinidad ,,,,,,,,,,,
692,,,,,,,,,,,,,Windward Islands ,,,,,,,,,,,
693,,,,,,,,,,,,,Southern Bahamas ,,,,,,,,,,,
694,,,,,,,,,,,,,French Caribbean ,,,,,,,,,,,
695,,,,,,,,,,,,,Curaçao ,,,,,,,,,,,
696,,,,,,,,,,,,,Bermuda ,,,,,,,,,,,
697,,,,,,,,,,,,,Madeira ,,,,,,,,,,,
698,,,,,,,,,,,,,Azores ,,,,,,,,,,,
699,,,,,,,,,,,,,Rio de Oro ,,,,,,,,,,,
700,,,,,,,,,,,,,Sierra Leone ,,,,,,,,,,,
701,,,,,,,,,,,,,Gambia ,,,,,,,,,,,
702,,,,,,,,,,,,,Cape Verde ,,,,,,,,,,,
703,,,,,,,,,,,,,Ascension ,,,,,,,,,,,
704,,,,,,,,,,,,,Saint Helena ,,,,,,,,,,,
705,,,,,,,,,,,,,Sao Tome ,,,,,,,,,,,
706,,,,,,,,,,,,,Reunion ,,,,,,,,,,,
707,,,,,,,,,,,,,Mauritius ,,,,,,,,,,,
708,,,,,,,,,,,,,Comoro Islands ,,,,,,,,,,,
709,,,,,,,,,,,,,Seychelles ,,,,,,,,,,,
710,,,,,,,,,,,,,Diego Garcia ,,,,,,,,,,,
711,,,,,,,,,,,,,Christmas Island ,,,,,,,,,,,
712,,,,,,,,,,,,,Cocos Islands ,,,,,,,,,,,
713,,,,,,,,,,,,,Kerguelen ,,,,,,,,,,,
714,,,,,,,,,,,,,Heilungkiang ,,,,,,,,,,,
715,,,,,,,,,,,,,Liaoning ,,,,,,,,,,,
716,,,,,,,,,,,,,Liaotung ,,,,,,,,,,,
717,,,,,,,,,,,,,Sungkiang ,,,,,,,,,,,
718,,,,,,,,,,,,,Stanleyville ,,,,,,,,,,,
719,,,,,,,,,,,,,Natal ,,,,,,,,,,,
720,,,,,,,,,,,,,South Georgia ,,,,,,,,,,,
721,,,,,,,,,,,,,Portuguese Timor ,,,,,,,,,,,
722,,,,,,,,,,,,,Petsamo ,,,,,,,,,,,
723,,,,,,,,,,,,,South Island ,,,,,,,,,,,
724,,,,,,,,,,,,,Northern Malay ,,,,,,,,,,,
725,,,,,,,,,,,,,Nauru ,,,,,,,,,,,
726,,,,,,,,,,,,,Samoa ,,,,,,,,,,,
727,,,,,,,,,,,,,Line Islands ,,,,,,,,,,,
728,,,,,,,,,,,,,Guangzhouwan ,,,,,,,,,,,
729,,,,,,,,,,,,,Macau ,,,,,,,,,,,
730,,,,,,,,,,,,,St Pierre and Miquelon ,,,,,,,,,,,
731,,,,,,,,,,,,,Central Macedonia ,,,,,,,,,,,
732,,,,,,,,,,,,,Pamir ,,,,,,,,,,,
733,,,,,,,,,,,,,Andaman ,,,,,,,,,,,
734,,,,,,,,,,,,,Nendo ,,,,,,,,,,,
735,,,,,,,,,,,,,Savoy ,,,,,,,,,,,
736,,,,,,,,,,,,,Istria ,,,,,,,,,,,
737,,,,,,,,,,,,,Bismarck ,,,,,,,,,,,
738,,,,,,,,,,,,,Aru Islands ,,,,,,,,,,,
739,,,,,,,,,,,,,Haida Gwaii ,,,,,,,,,,,
740,,,,,,,,,,,,,Vancouver Island ,,,,,,,,,,,
741,,,,,,,,,,,,,Cambodia ,,,,,,,,,,,
742,,,,,,,,,,,,,Stalinabad ,,,,,,,,,,,
743,,,,,,,,,,,,,Qingdao ,,,,,,,,,,,
744,,,,,,,,,,,,,Xian ,,,,,,,,,,,
745,,,,,,,,,,,,,Dalian ,,,,,,,,,,,
746,,,,,,,,,,,,,Ordos ,,,,,,,,,,,
747,,,,,,,,,,,,,Dali ,,,,,,,,,,,
748,,,,,,,,,,,,,Zunyi ,,,,,,,,,,,
749,,,,,,,,,,,,,Huangshan ,,,,,,,,,,,
750,,,,,,,,,,,,,Changde ,,,,,,,,,,,
751,,,,,,,,,,,,,Liangshan ,,,,,,,,,,,
752,,,,,,,,,,,,,Ganzi ,,,,,,,,,,,
753,,,,,,,,,,,,,Gannan ,,,,,,,,,,,
754,,,,,,,,,,,,,Golog ,,,,,,,,,,,
755,,,,,,,,,,,,,Haixi ,,,,,,,,,,,
756,,,,,,,,,,,,,Jiuquan ,,,,,,,,,,,
757,,,,,,,,,,,,,Shigatse ,,,,,,,,,,,
758,,,,,,,,,,,,,Ngari ,,,,,,,,,,,
759,,,,,,,,,,,,,Kunlun Shan ,,,,,,,,,,,
760,,,,,,,,,,,,,Dabancheng ,,,,,,,,,,,
761,,,,,,,,,,,,,Hulunbuir ,,,,,,,,,,,
762,,,,,,,,,,,,,Katowice ,,,,,,,,,,,
763,,,,,,,,,,,,,Königsberg ,,,,,,,,,,,
764,,,,,,,,,,,,,West Banat ,,,,,,,,,,,
765,,,,,,,,,,,,,Qatar ,,,,,,,,,,,
766,,,,,,,,,,,,,Southern Bessarabia ,,,,,,,,,,,
767,,,,,,,,,,,,,North Darfur ,,,,,,,,,,,
768,,,,,,,,,,,,,Rwanda ,Ruanda,,,,,,,,,,
769,,,,,,,,,,,,,Burundi ,,,,,,,,,,,
770,,,,,,,,,,,,,Malawi ,,,,,,,,,,,
771,,,,,,,,,,,,,Zambia ,,,,,,,,,,,
772,,,,,,,,,,,,,Middle Congo ,,,,,,,,,,,
773,,,,,,,,,,,,,Cameroon ,,,,,,,,,,,
774,,,,,,,,,,,,,Chad ,,,,,,,,,,,
775,,,,,,,,,,,,,B.E.T. ,,,,,,,,,,,
776,,,,,,,,,,,,,Dahomey ,,,,,,,,,,,
777,,,,,,,,,,,,,Togo ,,,,,,,,,,,
778,,,,,,,,,,,,,Upper Volta ,,,,,,,,,,,
779,,,,,,,,,,,,,Ivory Coast ,,,,,,,,,,,
780,,,,,,,,,,,,,Guinea ,,,,,,,,,,,
781,,,,,,,,,,,,,Niger ,,,,,,,,,,,
782,,,,,,,,,,,,,Tombouctou ,,,,,,,,,,,
783,,,,,,,,,,,,,Sidi Ifni ,,,,,,,,,,,
784,,,,,,,,,,,,,Wilno ,,,,,,,,,,,
785,,,,,,,,,,,,,Picardy ,,,,,,,,,,,
786,,,,,,,,,,,,,Mauritanian Desert ,,,,,,,,,,,
787,,,,,,,,,,,,,Northern Kashmir ,,,,,,,,,,,
788,,,,,,,,,,,,,Salamanca ,,,,,,,,,,,
789,,,,,,,,,,,,,Córdoba ,,,,,,,,,,,
790,,,,,,,,,,,,,Asturias ,,,,,,,,,,,
791,,,,,,,,,,,,,Valladolid ,,,,,,,,,,,
792,,,,,,,,,,,,,País Vasco ,,,,,,,,,,,
793,,,,,,,,,,,,,Guadalajara ,,,,,,,,,,,
794,,,,,,,,,,,,,Eastern Aragón ,,,,,,,,,,,
795,,,,,,,,,,,,,Santarém ,,,,,,,,,,,
796,,,,,,,,,,,,,North Angola ,,,,,,,,,,,
797,,,,,,,,,,,,,Istanbul ,,,,,,,,,,,
798,,,,,,,,,,,,,Amasya ,,,,,,,,,,,
799,,,,,,,,,,,,,Hatay ,,,,,,,,,,,
800,,,,,,,,,,,,,Van ,,,,,,,,,,,
801,,,,,,,,,,,,,Moesia ,,,,,,,,,,,
802,,,,,,,,,,,,,Kosovo ,,,,,,,,,,,
803,,,,,,,,,,,,,Southern Serbia ,,,,,,,,,,,
804,,,,,,,,,,,,,Herzegovina ,,,,,,,,,,,
805,,,,,,,,,,,,,Northern Epirus ,Nord Epiro,,,,,,,,,,
806,,,,,,,,,,,,,Pyrénées-Atlantiques ,,,,,,,,,,,
